Name of water systems,Name 2,Longitude ,Latitude ,Pop Served,Source Type,Total Site,Risk Score *Air Release/Distance^2,Risk Score *Water Release/Distance^2,Risk Score *Underground Release/Distance^2,PFAS Concentration,PFAS Detected,12-Mile Model PFAS Detected
Adairville Water Works,ADAIRVILLE WATER WORKS,-86.858123,36.662657,787,SW,1,2459.189192,0,0,,,N
Allen County Water District,ALLEN COUNTY WATER DISTRICT,-86.2133532,36.7552186,14999,SW,1,0,0,0,,,N
Arlie Bogg Elementary School,ARLIE BOGG ELEMENTARY SCHOOL,-82.836472,37.12065,200,GW,0,0,0,0,,,N
Arlington Water Department,ARLINGTON WATER DEPARTMENT,-89.012556,36.789275,588,GW,1,6406.73891,0,0,0,N,N
Auburn Water Department,AUBURN MUN WATER WORKS,-86.709649,36.863367,1931,SW,10,108862.3678,761.6214741,0,,,N
Augusta Regional WTP,AUGUSTA REGIONAL WTP,-84.0073163,38.7727278,1690,GW,2,65403.64561,30632.35002,0,7.31,Y,N
Bar X Trailer Park( inactive),BAR X TRAILER PARK,,,97,GW,12,2545190.392,103813.5083,0,,,N
Bardwell City Utilities,BARDWELL CITY UTILITIES,-89.011081,36.871756,1227,GW,1,21997.9088,0,0,,,N
Barlow Water System,BARLOW WATER SYSTEM,-89.040807,37.051376,1040,GW,2,275479.1557,0,0,1.62,Y,N
Bath County Water District,BATH COUNTY WATER DISTRICT,-83.6140274,38.1199859,8955,SW,3,7840.906057,0,0,,,N
Beaver Dam Municipal Water & Sewer System,BEAVER DAM MUNICIPAL WATER & SEWER,-83.86145,38.426987,3901,GW,1,0,0,0,0,N,N
Beech Grove Water Associatio,BEECH GROVE WATER SYSTEM,-87.2773,37.575,1461,SW,1,0,0,0,,,N
Bell county Forestry camp,BELL COUNTY FORESTRY CAMP,-83.671028,36.734807,300,SW,0,0,0,0,0,N,N
Benton Water & Sewer System,BENTON WATER & SEWER,-88.3506745,36.8585377,7981,GW,2,172705.1619,0,0,0,N,N
Big Sandy Water District,BIG SANDY WATER DISTRICT,-82.6321,38.3799,13044,SW,14,6220134.678,1438601.911,0,,,N
Birkle Water supply,BIRKLE WATER SUPPLY,-87.836366,36.862814,260,GW,1,11329.87972,0,0,0,N,N
Black Mtn Utility/Coxton,BLACK MTN UTILITY/COXTON,-83.349075,36.864965,356,SW,0,0,0,0,,,N
Black Mtn Utility/Dayhoit,BLACK MTN UTILITY/DAYHOIT,-83.349075,36.864965,1954,SW,0,0,0,0,,,N
Black Mtn Utility/Kenvir,BLACK MTN UTILITY/KENVIR,-83.349075,36.864965,1396,SW,0,0,0,0,,,N
Black Mtn Utility/Louellen,BLACK MTN UTILITY/LOUELLEN,-83.349075,36.864965,520,GW,0,0,0,0,,,N
Black Mtn Utility/Rosspoint,BLACK MTN UTILITY/ROSSPOINT,-83.349075,36.864965,1889,SW,0,0,0,0,,,N
Black Mtn Utility/Sukey Ridge,BLACK MTN UTILITY/SUKEY RIDGE,-83.349075,36.864965,740,SW,0,0,0,0,,,N
Black Mtn Utility/Wallins,BLACK MTN UTILITY/WALLINS,-83.349075,36.864965,1485,SW,0,0,0,0,,,N
Bloomfield Water & Sewer Dept,BLOOMFIELD WATER & SEWER DEPT,-85.3202573,37.9130978,5771,SW,4,273.8268001,0,0,,,N
Bluegrass Station,BLUEGRASS STATION,-84.32311,38.076447,3000,SW,19,63671.59003,1.065639089,0,,,N
Boone County Water District,BOONE CO WATER & SEWER DISTRICT,-84.715043,39.023483,66300,SW,47,751013.0621,216329.1535,0,,,N
Boone-Florence Water Comission,BOONE-FLORENCE WATER COMMISSION,-84.64223,38.9977285,25,SW,53,2783809.308,121215.3598,0,,,N
Bracken County Water District,BRACKEN COUNTY WATER DISTRICT,-84.0383877,38.6681639,6456,GW,1,0,0,0,,,N
Brandenburg water works,BRANDENBURG WATER WORKS,-86.1740632,37.9987898,4333,GW,1,245059.6583,867133.3682,0,8.61,Y,N
Breathitt County Water District,BREATHITT CO WATER DISTRICT,-83.3846042,37.5536587,5068,SW,0,0,0,0,,,N
Brodhead Water Works,BRODHEAD WATER WORKS,-84.41383,37.40425,1613,SW,0,0,0,0,,,N
Bronston Water Association,BRONSTON WATER ASSOCIATON INC,-84.6238976,36.9877727,5114,SW,6,44935.50337,2499.666239,0,,,N
Brooksville Water,BROOKSVILLE UTILITY,-84.0786,38.6644,977,GW,0,0,0,0,,,N
Brownsville Municipal Water System,BROWNSVILLE MUNICIPAL WATER SYSTEM,-86.263313,37.1911,1441,SW,5,2254.485109,0,1.824252492,,,N
Buffalo Trail Water Association,BUFFALO TRAIL WATER ASSOC,-83.8418974,38.5175801,4514,SW,3,11.68844958,0,0,,,N
Burgin Water Department,BURGIN WATER DEPARTMENT,-84.7666712,37.7527946,1426,SW,9,572282.3356,33896.08039,0,,,N
Butler County Water System,BUTLER COUNTY WATER SYSTEM INC,-86.684412,37.224731,14256,SW,2,453002.6243,314120.8746,82.79846898,,,N
Butler Water works,BUTLER WATER WORKS,-86.684412,37.224731,980,SW,2,453002.6243,314120.8746,82.79846898,,,N
Buzzard Rock Resort and Marina,BUZZARD ROCK RESORT AND MARINA,-88.143517,37.042058,150,GW,11,1772141.175,79176.70381,0,,,N
"Caitlan& Friends, LLC","CAITLAN & FRIENDS, LLC",-84.7872,37.799048,50,GW,0,0,0,0,,,N
Caldwell County Water District,CALDWELL COUNTY WATER DISTRICT,-87.8826308,37.1096148,6000,SW,3,713102.2012,10.15074061,0,,,N
Calhoun Water Works,CALHOUN WATER WORKS,-87.2602684,37.5367271,966,SW,2,209878.3311,87.5921897,0,,,N
Calvert City Municipal water Department,CALVERT CITY MUNICIPAL WATER DEPARTMENT,-88.342557,37.024819,4381,GW,14,97774120.42,8087824.88,0,0,N,N
Camp Michaels Dan Beard Council,CAMP MICHAELS DAN BEARD COUNCIL,-84.7427883,38.941752,50,GW,35,474314.2778,4048.004433,0,,,N
Camp Nathaniel,CAMP NATHANIEL,-83.053648,37.351189,200,GW,0,0,0,0,,,N
Camp Robert Webb,CAMP ROBERT C WEBB,-82.978563,38.24185,250,GW,1,0,67274.69966,0,,,N
Camp Turnabout,CAMP TURNABOUT,-84.6617348,38.9845313,429,GW,49,2060630.76,110997.3326,0,,,N
Caneyville Municipal Water Works,CANEYVILLE MUNICIPAL WATER WORKS,-86.485763,37.424313,2171,SW,1,0,69.45071449,0,,,N
Cannonsburg Water District,CANNONSBURG WATER DISTRICT,-82.7173,38.4218,8953,SW,12,592440.7083,106969.95,0,,,N
Carlisle Co. Board of Education,CARLISLE CO BOARD OF EDUCATION,-88.933981,36.834,1050,GW,1,7199.106336,0,0,,,N
Carrollton Utilities,CARROLLTON UTILITIES,-85.17225,38.677573,5729,GW,8,1027191.446,3536823.676,0,0,N,N
"Caveland Environmental Authority, Inc","CAVELAND ENVIRONMENTAL AUTHORITY, INC.",-85.9601537,37.1314193,4256,SW,0,0,0,0,,,N
Cawood Water-Pathfork,CAWOOD WATER-PATHFORK,-83.222287,36.769796,463,SW,0,0,0,0,,,N
Center Ridge Water District#2,CENTER RIDGE WATER DISTRICT #2,-88.111351,36.561652,377,GW,2,1.807474599,0.751892678,0,,,N
Center Ridge Water District#3,CENTER RIDGE WATER DISTRICT #3,-88.111351,36.561652,208,GW,2,1.807474599,0.751892678,0,,,N
Center Ridge Water District#4,CENTER RIDGE WATER DISTRICT #4,-88.111351,36.561652,140,GW,2,1.807474599,0.751892678,0,,,N
Center Ridge Water system,CENTER RIDGE WATER SYSTEM,-88.111351,36.561652,273,GW,2,1.807474599,0.751892678,0,,,N
Centertown Water System,CENTERTOWN WATER SYSTEM,-87.026291,37.408269,1485,SW,10,1817716.96,35851.69431,0,,,N
Christian County Water District,CHRISTIAN CO WATER DISTRICT,-87.5105252,36.8832086,15841,SW,14,13564813.06,0,0,,,N
City Of South Shore,CITY OF SOUTH SHORE WATER WORKS,-82.9674647,38.724103,6798,GW,5,331717.098,143.9049222,0,66.67,Y,N
City of West point,CITY OF WEST POINT,-85.935914,37.848415,975,SW,5,10772.47468,0.080413217,0,,,N
Clay City Water System,CLAY CITY WATER SYSTEM,-83.9234966,37.8620572,2153,SW,1,198080.2354,0,0,,,N
Clay Water Works,CLAY WATER WORKS,-83.922689,37.861463,1287,SW,1,201762.4018,0,0,,,N
Cloverport Water & Sewer System,CLOVERPORT WATER & SEWER SYSTEM,-86.6327573,37.8370036,1560,GW,5,876902.0244,48606.40211,0,,,N
Columbus Water Works,COLUMBUS WATER WORKS,-89.100571,36.759647,300,GW,0,0,0,0,0,N,N
Corinth Water District,CORINTH WATER DISTRICT,-84.565056,38.497411,3139,SW,1,8136.767088,0,0,,,N
Crab Orchard Water Works,CRAB ORCHARD WATER DISTRICT,-84.506342,37.46161,1488,SW,0,0,0,0,,,N
Cumberland County Water District,CUMBERLAND CO WATER DISTRICT,-85.3684521,36.8072952,7099,SW,2,903.0703897,0,0,,,N
Cumberland Falls Highway Water District,CUMBERLAND FALLS HIGHWAY WATER DISTRICT,-84.121589,36.91833,8969,SW,4,236049.9924,0,0,,,N
Cumberland Gap NHP/Hensley,CUMBERLAND GAP NHP/HENSLEY,-83.7231,36.6172,25,GW,0,0,0,0,,,N
Cumberland Gap NHP/Pinnacle,CUMBERLAND GAP NHP/PINNACLE,-83.7231,36.6172,50,GW,0,0,0,0,,,N
Cunningham Water District,CUNNINGHAM WATER DISTRICT,-88.645187,36.568772,475,GW,1,0,0,0,,,N
Cypress Cove RV Park LLC,CYPRESS COVE RV PARK LLC,-88.0955,36.55,118,GW,0,0,0,0,,,N
Cypress Spring Resort,CYPRESS SPRINGS RESORT,-88.0955,36.55,200,GW,0,0,0,0,,,N
Dexter Almo Heights Water District,DEXTER ALMO HEIGHTS WATER DISTRICT,-88.3006075,36.6963059,2275,GW,5,100231.8565,127.704725,0,,,N
Dixon Water Department,DIXON WATER DEPARTMENT,-87.69113,37.517693,1253,SW,2,2.003663385,0,0,,,N
Doe Valley Utilitities INC,DOE VALLEY UTILITIES INC,-86.1084,37.9662,2260,GW,2,350524.5904,1238851.866,0,,,N
Domtar Paper Bleached Pulp,DOMTAR PAPER BLEACHED PULP,-86.751996,37.903278,450,GW,10,3605262.959,88904.32542,0,,,N
Domptar Paper Corrugared Me,DOMTAR PAPER CORRUGATED ME,-86.751996,37.903278,100,GW,10,3605262.959,88904.32542,0,,,N
Drakesboro Water Department,DRAKESBORO WATER DEPARTMENT,-87.049367,37.217278,888,SW,3,810418.8761,167285.7149,0,,,N
Dry Ridge Water Works Commission,DRY RIDGE WATER WORKS COMMISSION,-84.593455,38.681708,2400,SW,2,119509.4697,0,0,,,N
Duke Energy KY East Bend,DUKE ENERGY KY EAST BEND,-86.3893755,39.7077538,120,GW,27,103331.5425,1031.158522,0,,,N
East Daviess County Water Association,E DAVIESS CO WATER ASSOC INC,-86.91419,37.775858,11997,GW,9,651238.1179,3777.12955,0,,,N
Earlington Water & Sewer,EARLINGTON WATER & SEWER,-87.51292,37.273957,1708,SW,4,1202370.284,5.440313003,0,,,N
East Casey County Water District,EAST CASEY CO WATER DISTRICT,-84.943319,37.308695,12460,SW,0,0,0,0,,,N
East Clark County Water District,EAST CLARK CO WATER DISTRICT,-84.1740185,37.9938218,7366,SW,7,1510854.557,0,0,,,N
East Laurel Water District,EAST LAUREL WATER DISTRICT,-84.0959616,37.1437189,15857,SW,3,6000.104498,0,0,,,N
East Logan Water District,EAST LOGAN WATER DISTRICT,-86.874913,36.845123,8613,SW,5,1020747.171,5466.975533,0,,,N
East Pendleton Water District,EAST PENDLETON WATER DISTRICT,-84.337164,38.675757,5515,SW,2,30567.72909,0,0,,,N
Eddy Creek Marina Resort LLC,EDDY CREEK MARINA RESORT LLC,-88.016331,37.004908,150,GW,3,37294.38816,0.643685014,0,,,N
Edmonton Water Works,EDMONTON WATER WORKS,-85.610743,36.9790253,8515,SW,2,633.3645812,0,0,,,N
Elkhorn City Water Dept,ELKHORN CITY WATER DEPT,-82.3467409,37.3041144,1723,SW,0,0,0,0,,,N
Elkhorn Water District,ELKHORN WATER DISTRICT,-84.730823,38.050931,1590,SW,20,53563.82357,0,0,,,N
Elkton Utilities,ELKTON WATER WORKS,-87.1461013,36.8034908,2780,SW,1,1258.576485,0,0,,,N
Ellis Park Race Course,ELLIS PARK RACE COURSE,-87.561829,37.884793,1500,GW,25,239761.0341,691.1756338,0,,,N
Eminence Water Works,EMINENCE WATER WORKS,-85.182903,38.369569,2554,GW,8,12274.5924,12.09281021,0,,,N
Estill County Water District #1,ESTILL CO WATER DISTRICT,-83.989814,37.699014,9501,SW,0,0,0,0,,,N
Eubank Water System,EUBANK WATER SYSTEM,-84.65856,37.27841,12492,SW,0,0,0,0,,,N
Evarts Municipal Water Plant,EVARTS MUNICIPAL WATER PLANT,-83.152929,36.869484,3059,GW,0,0,0,0,,,N
Farmdale Water District,FARMDALE WATER DISTRICT,-84.926059,38.14076,8203,SW,10,23595.12777,0,0,,,N
Flatwoods Water Company,FLATWOODS WATER COMPANY,-82.72461,38.515,9649,SW,11,1811296.217,77756.56187,0,,,N
Fleming County Water Association,FLEMING CO WATER ASSOCIATION,-83.736887,38.41132,9693,SW,1,0,0,0,,,N
Fleming-Neon Water Company,FLEMING-NEON WATER COMPANY,-82.7128,37.19701,3212,SW,0,0,0,0,0,N,N
Florence Water & Sewer Commission,FLORENCE WATER & SEWER,-84.64223,38.9977285,29351,SW,53,2783809.308,121215.3598,0,,,N
Fonde Water System,FONDE WATER SYSTEM,-83.6952073,36.7614654,65,GW,0,0,0,0,,,N
Fort Campbell,FORT CAMPBELL,-87.460122,36.657133,18000,SW,17,4383580.372,3301.479041,0,,,N
Fountain Run Water District #1,FOUNTAIN RUN WATER DISTRICT #1,-85.9676371,36.720989,1485,SW,0,0,0,0,,,N
Francis Water Co,FRANCIS WATER COMPANY,-82.833271,37.482846,459,GW,0,0,0,0,0,N,N
Fredonia Water Depaertment,FREDONIA WATER DEPARTMENT,-88.059809,37.204948,1040,SW,3,28506.45958,0.48153332,0,,,N
City Of Frenchburg,FRENCHBURG WATER COMPANY,-83.627256,37.938541,5401,SW,1,0,0,0,,,N
Fulton Municipal Water System,FULTON MUNICIPAL WATER SYSTEM,-88.874553,36.503624,4662,GW,6,16452.94356,72429.4165,0,,,N
Gallatin County Water District,GALLATIN COUNTY WATER DISTRICT-Plant A,-84.853072,38.728945,5860,GW,7,797102.0514,1765667.572,0,0,N,N
Garrard County Water Association,GARRARD CO WATER ASSOC INC,-84.579393,37.627679,14806,SW,2,6.206575073,0,0,,,N
Garrison Water,GARRISON QUINCY HEIGHTS WATER DISTRICT,-83.179169,38.608699,3185,GW,2,153195.3171,182.498294,0,,,N
Grand Rivers Water System,GRAND RIVERS WATER SYSTEM,-88.234609,37.001118,3980,SW,13,4966509.17,211352.8611,0,,,N
Graves County Water District-consumers,GRAVES CO WATER DIST - CONSUMERS,-88.633066,36.741841,4689,GW,3,2817.425108,271099.0471,0,,,N
Graves County Water District-Fancy Farm,GRAVES CO WATER DIST - FANCY FARM,-88.633066,36.741841,1301,GW,3,2817.425108,271099.0471,0,,,N
Graves County Water District-Hardeman,GRAVES CO WATER DIST - HARDEMAN,-88.633066,36.741841,1129,GW,3,2817.425108,271099.0471,0,,,N
Graves County Water District-Hickory,GRAVES CO WATER DIST - HICKORY,-88.633066,36.741841,4069,GW,3,2817.425108,271099.0471,0,0,N,N
Graves County Water District-Sedalia,GRAVES CO WATER DIST - SEDALIA,-88.633066,36.741841,410,GW,3,2817.425108,271099.0471,0,,,N
Graves County Water District,GRAVES CO WATER DIST - SOUTH GRAVES,-88.633066,36.741841,1844,GW,3,2817.425108,271099.0471,0,0,N,N
Milton-West Carroll water district,GRAYSON UTILITY COMMISSION,-85.17225,38.677573,86,GW,9,1027191.446,4304787.933,0,,,N
Greater fleming Co Wt Comm,GREATER FLEMING CO WT COMM,-83.63899,38.625115,18877,GW,7,2538508.346,57145.23576,1398.369996,,,N
Green Hills Water District,GREEN HILLS WATER DISTRICT,-83.349075,36.864965,1443,SW,0,0,0,0,,,N
Green Taylor Water District,GREEN TAYLOR WATER DISTRICT,-85.493426,37.26867,15263,SW,1,0,0,0,,,N
Guthrie Water Works,GUTHRIE WATER WORKS,-87.1502,36.7149,2421,SW,11,41374.38206,0,0,,,N
Hanson Water System,HANSON WATER SYSTEM,-87.481818,37.417431,1414,SW,4,807535.429,6.4916773,0,,,N
Hardin water department,HARDIN WATER DEPARTMENT,-85.9153568,37.6798598,1606,GW,9,882215.6643,25.1556358,0,,,N
Hardinsburg Water Department,HARDINSBURG RO WTP,-86.461016,37.780113,15602,GW,0,0,0,0,,,N
Harrison County Water Association,HARRISON CO WATER ASSOC,-84.314475,38.363418,16736,SW,8,473078.0377,1.107370466,0,,,N
Hawesville Water Works,HAWESVILLE WATER WORKS,-86.747904,37.9020749,3225,GW,10,3561369.12,101352.2477,0,0,N,N
Henderson County Water District,HENDERSON COUNTY WATER DISTRICT,-87.6004,37.83197,19008,SW,20,399475.387,834.1051409,0,,,N
Henry County Water District #2,HENRY COUNTY WATER DISTRICT #2,-85.214609,38.524475,17716,GW,5,134275.8299,12295.02634,0,,,N
Hickman Water Department,HICKMAN WATER DEPARTMENT,-89.17827,36.57036,3191,GW,4,517783.8565,6282.418906,0,,,N
Hindman Water Department,HINDMAN MUN WATER WORKS,-82.981523,37.337223,1883,GW,0,0,0,0,,,N
Horse Cave Water System,HORSE CAVE WATER SYSTEM,-85.885959,37.178414,2744,SW,3,6508.257339,118.6191758,0,,,N
Hustonville Water Works,HUSTONVILLE WATER WORKS,-84.749382,37.441818,5420,SW,0,0,0,0,,,N
Irvington Water System,IRVINGTON WATER SYSTEM,-86.2965,37.8762,1627,GW,0,0,0,0,,,N
Island Water Department,ISLAND WATER DEPARTMENT,-87.190034,37.449723,1512,SW,7,772962.2611,322.5934084,0,,,N
City Of Jeffersonville,JEFFERSONVILLE WATER SYSTEM,-83.850319,37.980973,5335,SW,6,62566.86256,0,0,,,N
Jessamine County Water District #1,JESSAMINE CO WATER DISTRICT #1,-84.577225,37.868263,6831,SW,5,120760.6158,5886.511937,0,,,N
Jessamine- South Elkhorn Water District,JESSAMINE S ELKHORN WATER DIST,-84.577225,37.868263,8461,SW,5,120760.6158,5886.511937,0,,,N
Jonathan Creek Water District,JONATHAN CREEK WATER DISTRICT,-88.305502,36.888765,4525,GW,13,1809935.237,90051.69228,0,,,N
Judy Water Association,JUDY WATER ASSOCIATION,-83.9504143,38.0920579,5539,SW,4,167089.4355,0,0,,,N
Kelly Elementary School,KELLY ELEMENTARY SCHOOL,-84.8270387,38.9832178,355,GW,30,624501.1643,13446.36745,0,,,N
Kentucky American Water,KENTUCKY AMERICAN WATER - EASTERN ROCKCA,-84.4634596,38.0158615,1732,SW,14,126915.5721,0,0,,,N
Kentucky-American Water-Millersburg,KENTUCKY AMERICAN WATER- MILLERSBURG,-84.4634596,38.0158615,1366,SW,14,126915.5721,0,0,,,N
Kentucky Beach Resort,KENTUCKY BEACH RESORT,-88.3032,36.6099,85,GW,4,183864.4298,1051.319154,0,,,N
Kevil Water Department,KEVIL WATER DEPARTMENT,-88.885478,37.084573,1782,GW,5,195490.3795,5138.522131,0,0,N,N
Kirksville Water Association,KIRKSVILLE WATER ASSOCIATION,-84.327751,37.777317,5940,SW,7,150863.8808,46.91362279,0,,,N
Lacenter Municipal Water Company,LACENTER MUNICIPAL WATER CO,-88.9736113,37.0761736,1291,GW,4,64985.31123,719.8899035,0,,,N
Lagrange Utilities Commission,LAGRANGE UTILITIES COMMISSION,-85.330426,38.444201,9801,GW,5,144557.579,13942.18485,0,,,N
Lake Village Water Association,LAKE VILLAGE WATER ASSOCIATION,-84.757369,37.7611519,6855,SW,9,889759.6224,52852.44704,0,,,N
Lakeview Cottages & Marina,LAKEVIEW COTTAGES & MARINA,-88.080418,36.50239,50,GW,0,0,0,0,,,N
Larue County Water District #1,LARUE COUNTY WATER DISTRICT #1,-85.691529,37.520496,9062,SW,0,0,0,0,,,N
LBL Camp Energy,LBL CAMP ENERGY,-88.02419,36.78561,25,GW,0,0,0,0,,,N
LBL Cravens Bay,LBL CRAVENS BAY,-88.02419,36.78561,25,GW,0,0,0,0,,,N
LBL Fenton Lake Access,LBL FENTON LAKE ACCESS,-88.02419,36.78561,25,GW,0,0,0,0,,,N
"LBL Hillman Ferry A, B and C","LBL HILLMAN FERRY A, B & C",-88.02419,36.78561,42,GW,0,0,0,0,,,N
LBL Maintenance Center,LBL MAINTENANCE CENTER,-88.02419,36.78561,170,GW,0,0,0,0,,,N
LBL North Entrance Station,LBL NORTH ENTRANCE STATION,-88.02419,36.78561,25,GW,0,0,0,0,,,N
LBL Off HWY Vehicle Area,LBL OFF HWY VEHICLE AREA,-88.02419,36.78561,25,GW,0,0,0,0,,,N
LBL Woodland Nature Center,LBL WOODLAND NATURE CENTER,-88.02419,36.78561,25,GW,0,0,0,0,,,N
LBL Wrangler Camp,LBL WRANGLERS CAMP,-88.02419,36.78561,25,GW,0,0,0,0,,,N
Lebanon Junction Water Works,LEBANON JUNCTION WATER WORKS,-85.7309386,37.8342247,2866,SW,2,3809.448737,0,0,,,N
Letcher County Water And Sewer District,LETCHER COUNTY WATER DISTRICT,-82.82713,37.11785,2673,SW,0,0,0,0,,,N
Levee Rd Water Association Inc,LEVEE RD WATER ASSOCIATION INC,-83.949897,38.033139,2471,SW,5,53566.91539,0,0,,,N
Lewisburg Water Works,LEWISBURG WATER WORKS,-86.95055,36.986145,3119,SW,5,488818.5172,10242.71478,0,,,N
Lewisport Municipal Water Works,LEWISPORT MUNICIPAL WATER WORKS,-86.899371,37.936805,3249,GW,13,1717069.948,10839166.15,0,,,N
Livermore Water Works,LIVERMORE WATER WORKS,-87.136361,37.48815,2138,SW,6,1698927.498,709.0427422,0,,,N
Livingston Municipal Water Works,LIVINGSTON MUNICIPAL WATER WORKS,-84.2143173,37.2964058,529,SW,0,0,0,0,,,N
Locust Valley Mobile Est,LOCUST VALLEY MOBILE EST,-88.13425,36.588355,94,GW,4,11645.57083,15.1661151,0,,,N
Lyon County Water District,LYON COUNTY WATER DISTRICT,-88.17196,37.048229,6744,SW,12,2606719.958,106311.0813,0,,,N
Madison County Utilities District,MADISON CO UTILITIES DISTRICT,-84.327751,37.777317,25120,SW,7,150863.8808,46.91362279,0,,,N
Magoffin County Water District,MAGOFFIN COUNTY WATER DISTRICT,-83.054873,37.744247,8925,SW,0,0,0,0,,,N
Mammoth Cave Central System,MAMMOTH CAVE/CENTRAL SYSTEM,-85.958223,37.139236,5000,SW,9,7136.71707,62.84845683,0,,,N
Marion County Water District,MARION COUNTY WATER DISTRICT,-85.2816175,37.5567065,16311,SW,7,26961.0387,0,0,,,N
Martin Water Department,MARTIN WATER DEPARTMENT,-82.533371,37.868705,1167,SW,1,0.210587498,0,0,,,N
Mayfield Electric & Water System,MAYFIELD ELECTRIC & WATER,-88.633066,36.741841,10024,GW,3,2817.425108,271099.0471,0,0,N,N
Mckinney Water District,MCKINNEY WATER DISTRICT,-84.80767,37.381452,5423,SW,0,0,0,0,,,N
Meade County Water District,MEADE COUNTY WATER DISTRICT,-86.1707402,37.984404,14375,SW,1,234148.4536,828524.526,0,,,N
Midway Municipal Water Works,MIDWAY MUNICIPAL WATER WORKS,-84.6928,38.1487,2174,SW,23,75684.32356,97.07758718,0,,,N
Milburn Water District,MILBURN WATER DISTRICT,-88.885114,36.798358,500,GW,0,0,0,0,,,N
Milton Water & Sewer Department,MILTON WATER & SEWER DEPARTMENT,-85.3659,38.6925,3861,GW,8,1788452.562,40954.37589,0,0,N,N
Missing Hill Resort,MISSING HILL RESORT,-88.075345,36.502289,196,GW,0,0,0,0,,,N
Montgomery County Water District #1,MONTGOMERY CO WATER DISTRICT #1,-83.899095,38.001005,2082,SW,6,60497.84922,0,0,,,N
"Monument Chemical Kentucky, LLC","MONUMENT CHEMICAL KENTUCKY, LLC",-86.1321374,37.9977815,300,GW,0,0,0,0,,,N
Morgan County Water District,MORGAN COUNTY WATER DISTRICT,-83.257354,37.921362,7502,SW,0,0,0,0,,,N
Morgantown Utilities,MORGANTOWN WATER SYSTEM,-86.6854631,37.2252584,13933,SW,2,461699.6516,317961.6686,84.38835115,,,N
Mortons Gap Water Department,MORTONS GAP WATER DEPARTMENT,-87.473691,37.237195,1485,SW,6,469305.5552,2.339485486,0,,,N
MSU Hancock Bio Station,MSU HANCOCK BIO STATION,-88.117164,36.734806,30,GW,2,8402.037981,10.26366111,0,,,N
Mount Carmel High Boarding School,MT CARMEL HIGH BOARDING SCHOOL,-83.2913,37.4868,100,GW,0,0,0,0,0,N,N
Mount Olivet Water,MT OLIVET WATER DEPARTMENT,-84.035521,38.531101,814,SW,0,0,0,0,,,N
Mt. Washington Water Company,MT WASHINGTON WATER COMPANY,-85.5432228,38.0497564,23760,SW,10,26896.34204,1676.175285,0,,,N
Muhlenberg County Water District #1,MUHLENBERG CO WATER DISTRICT,-87.1766796,37.2225943,16845,SW,5,234600.9039,31626.1305,0,,,N
Muhlenberg County Water District #3,MUHLENBERG CO WATER DISTRICT #3,-87.1766796,37.2225943,6181,SW,5,234600.9039,31626.1305,0,,,N
Muldraugh Water Department,MULDRAUGH WATER DEPARTMENT,-86.007605,37.955796,1411,SW,4,373523.0178,195438.8792,0,,,N
Munfordville Water Department,MUNFORDVILLE WATER DEPT,-85.889886,37.270934,2109,SW,2,450.9914235,8.842969087,0,,,N
Murray Water District #2,MURRAY WATER DISTRICT #2,-88.3032,36.6099,771,GW,4,183864.4298,1051.319154,0,,,N
Murray Water System,MURRAY WATER SYSTEM,-88.299632,36.607544,21763,GW,4,164728.2726,1663.160113,0,0,N,N
Northeast Woodford County Water District,NE WOODFORD CO WATER DISTRICT,-84.7306372,38.0512596,2644,SW,20,52846.9532,0,0,,,N
Nebo Water District,NEBO WATER DISTRICT,-87.642747,37.384503,4702,SW,4,303914.2961,6.536130402,0,,,N
New Castle Water Works,NEW CASTLE WATER WORKS,-85.169423,38.433126,2100,GW,4,8450.275777,0.018029156,0,,,N
New Concord Dollar General Store,NEW CONCORD DOLLAR GENERAL STORE,-88.829702,35.682824,350,GW,22,346488.2646,4739.960816,0,,,N
New Haven Municipal Water Works,NEW HAVEN MUNICIPAL WATER WORKS,-85.592944,37.6583493,1357,SW,0,0,0,0,,,N
Nicholas County Water District,NICHOLAS CO WATER DISTRICT,-84.0546754,38.3335388,4089,SW,0,0,0,0,,,N
North Hopkins Water District,NORTH HOPKINS WATER DISTRICT,-87.452812,37.32656,3725,SW,6,2193706.372,6.256145859,0,,,N
North Logan Water District,NORTH LOGAN WATER DISTRICT,-86.918466,36.880844,1649,SW,5,496455.689,15450.02353,0,,,N
North Manchester Water Association Inc,NORTH MANCHESTER WATER ASSOC,-83.691984,37.089241,5332,SW,1,0.182651804,0,0,,,N
North Marshall Water District#1,NORTH MARSHALL WATER DISTRICT #1,-88.344391,36.927617,16276,GW,15,3638724.955,172822.4271,0,,,N
North Mclean Co Water District,NORTH MCLEAN CO WATER DISTRICT,-87.1347412,37.486796,3879,SW,6,1811636.212,756.0814229,0,,,N
North Mercer Water District,NORTH MERCER WATER DISTRICT,-84.85907,37.919324,9775,SW,7,1986.784814,0,0,,,N
North Nelson Water District,NORTH NELSON WATER DISTRICT,-85.4703805,37.8866691,13365,SW,4,2313.224884,0,0,,,N
North Shelby Water District,NORTH SHELBY WATER DISTRICT,-85.057397,38.262248,14660,SW,7,4204.392956,12.87629679,0,,,N
Nortonville Water Works,NORTONVILLE WATER WORKS,-87.455355,37.184794,2611,GW,4,206814.1534,0,0,,,N
Oldham County Water District,OLDHAM COUNTY WATER DISTRICT,-85.3998387,38.3959513,19840,GW,4,95188.57533,0,0,,,N
Owingsville Water Works,OWINGSVILLE WATER WORKS,-83.7622104,38.1362311,2307,SW,5,17017.33712,0,0,,,N
Paradise Resort,PARADISE RESORT,-88.3032,36.6099,40,GW,4,183864.4298,1051.319154,0,,,N
Parksville Water District,PARKSVILLE WATER DISTRICT,-84.8896709,37.6018316,4261,SW,7,15821.9143,0,0,,,N
Peaks Mill Water District,PEAKS MILL WATER DISTRICT,-84.730823,38.050931,3454,SW,20,53563.82357,0,0,,,N
Pendleton County Water District #1North,PENDLETON CO WATER DISTRICT #1 / NORTH,-84.330066,38.676971,1485,SW,2,28293.76885,0,0,,,N
Pendleton County Water District #1 South,PENDLETON CO WATER DISTRICT #1/SOUTH,-84.330066,38.676971,3713,SW,2,28293.76885,0,0,,,N
Perry County Water & Sewer,PERRY COUNTY WATER & SEWER,-83.080165,37.206099,2642,SW,0,0,0,0,,,N
Phoenix Property,PHOENIX PROPERTY OWNERS ASSOC,-83.13139,37.335,300,SW,0,0,0,0,,,N
Potters Ranch,POTTERS RANCH,-84.632367,38.872037,100,GW,31,187993.3916,1123.262372,0,,,N
Powells Valley Water District,POWELL VALLEY WATER DISTRICT,-83.9384896,37.8642414,7128,SW,1,133335.6077,0,0,,,N
City Of Raceland,RACELAND WATER SYSTEM,-82.729864,38.54133,4069,SW,8,2663275.518,45132.24878,0,,,N
Recovery works,RECOVERY WORKS,-88.749681,36.725736,61,GW,3,1346.376812,129551.4368,0,,,N
Redriver Rockhouse,RED RIVER ROCKHOUSE,-84.198704,37.986558,100,GW,7,716057.3867,0,0,,,N
Reid Village water district,REID VILLAGE WATER DISTRICT,-83.9635275,38.0531731,2545,SW,5,68817.7136,0,0,,,N
River Ridge Park Inc.,RIVER RIDGE PARK INC,-84.824638,38.9599765,223,GW,35,922101.2897,15779.04914,0,,,N
River Edge Campground,RIVER'S EDGE CAMPGROUND,-84.901195,38.783364,132,GW,6,682027.7752,1477612.519,0,,,N
"Rowan Water, Inc",ROWAN WATER INC,-83.3849183,38.1907102,18765,SW,1,23573.24174,0,0,,,N
Russell Springs Sewer & Water Works,RUSSELL SPRINGS WATER & SEWER,-85.0375,37.0551,9409,SW,1,748.9367083,0,0,,,N
Russellville Municipal Water System,RUSSELLVILLE MUN WATER WORKS,-86.918466,36.880844,8613,SW,5,496455.689,15450.02353,0,,,N
Southeast Daviess County Water District,S E DAVIESS CO WATER DISTRICT,-87.160506,37.748953,18827,GW,14,1670198.731,90279.55006,0,,,N
Sacramento Water Works,SACRAMENTO WATER WORKS,-87.2736,37.4177,2435,SW,8,238585.2665,99.57265961,0,,,N
Salem Municipal Water System,SALEM MUNICIPAL WATER SYSTEM,-88.271813,37.291567,1241,SW,0,0,0,0,,,N
Sandy Hook Water District,SANDY HOOK WATER DISTRICT,-83.121912,38.083793,3528,GW,0,0,0,0,,,N
Science Hill Water Works,SCIENCE HILL WATER WORKS,-84.6487,37.1683,5940,SW,6,15153.24353,72.06593397,0,,,N
Sebree Water Department,SEBREE WATER DEPARTMENT,-87.5342284,37.6081041,1743,SW,6,4088589.708,985.7961007,0,,,N
Sharpsburg Water District,SHARPSBURG WATER DISTRICT,-83.930084,38.200551,4332,SW,4,19061.80483,0,0,,,N
Shawnee Bay resort,SHAWNEE BAY RESORT,-88.3548,36.8806,80,GW,12,1752732.515,86081.67091,0,,,N
Shiloh Dollar General -Susan Cox,SHILOH DOLLAR GENERAL-SUSAN COX,-88.193711,36.690442,350,GW,4,26713.57101,34.07457319,0,,,N
Simpson County Water District,SIMPSON COUNTY WATER DISTRICT,-86.5785682,36.7312412,8946,SW,15,9133761.732,343.1912608,0,,,N
Slaughters Water Works,SLAUGHTERS WATER WORKS,-87.5053,37.5054,808,SW,9,643344.8429,123.4004383,0,,,N
Smithland Water& Sewer,SMITHLAND WATER & SEWER,-88.450027,37.240111,989,SW,0,0,0,0,,,N
South Anderson Water District,SO ANDERSON WATER DISTRICT,-84.925295,38.01542,8417,SW,20,44246.97429,0,0,,,N
South Woodford County Water District,SO WOODFORD CO WATER DISTRICT,-84.7135736,38.0585946,4218,SW,21,35364.9037,0,0,,,N
South 641 Water District,SOUTH 641 WATER DISTRICT,-83.412567,37.8005868,1160,GW,0,0,0,0,,,N
South Hopkins water district,SOUTH HOPKINS WATER DISTRICT,-87.691535,37.166682,8440,SW,0,0,0,0,,,N
South Logan Water Association,SOUTH LOGAN WATER ASSOCIATION,-86.851803,36.667198,5198,SW,1,2315.443387,0,0,,,N
Southeastern Water Association,SOUTHEASTERN WATER ASSOC/NELSON VALLEY,-84.6011502,37.108585,21895,SW,8,92076.06611,687.3938871,0,,,N
Southern Madison Water District,SOUTHERN MADISON WATER DISTRICT,-84.3194009,37.5761289,14707,SW,11,944934.9532,1418.321578,0,,,N
Southland Ranch,SOUTHLAND RANCH,-88.849351,36.976413,160,GW,1,9.998301378,0,0,,,N
Stanton Water Commission,STANTON WATER WORKS,-83.8592223,37.8535957,6611,SW,1,1163427.463,0,0,,,N
Stella Trailer Park,STELLA TRAILER PARK,-88.40587,36.598347,74,GW,4,25919.4925,33.81021423,0,,,N
Sunset Harbor Hill Campground,SUNSET HARBOR HILL CAMPGROUND,-88.117343,36.727072,26,GW,2,8805.146631,10.75380914,0,,,N
Symsonia Water District,SYMSONIA WATER DISTRICT,-88.50446,36.917084,936,GW,8,74182.08835,148070.7548,0,,,N
Taylorsville Water Works,TAYLORSVILLE WATER WORKS,-85.353169,38.018415,18973,SW,0,0,0,0,,,N
Todd County Water District,TODD COUNTY WATER DISTRICT,-87.1678,36.9094,9801,SW,0,0,0,0,,,N
Trapp water company,TRAPP WATER COMPANY,-84.7736,39.015,450,GW,42,667955.0707,167657.0163,0,0,N,N
Trenton Water Works,TRENTON WATER WORKS,-87.1948795,36.6465582,950,SW,12,184941.9033,4.37030772,0,,,N
Trimble County Water District #1,TRIMBLE CO WATER DISTRICT #1,-83.3436158,36.8501965,4146,GW,0,0,0,0,0,N,N
Trinity Holiness School,TRINITY HOLINESS SCHOOL,-88.88978,36.90756,250,GW,1,8180.189545,0,0,,,N
Trocadero Plaza,TROCADERO PLAZA,-87.517035,37.874873,25,GW,27,913189.1573,11867.07108,0,,,N
Union County Water District,UNION COUNTY WATER DISTRICT,-87.9134737,37.6879427,6117,SW,1,25765.96683,0,0,,,N
Uniontown Water & Sewer Department,UNIONTOWN WATER & SEWER DEPT,-87.936367,37.772743,1496,SW,9,826514.5343,755336.4802,0,,,N
Us 60 Water District,US 60 WATER DISTRICT,-85.057397,38.262248,6445,SW,7,4204.392956,12.87629679,0,,,N
Village of Buckhorn,VILLAGE OF BUCKHORN,-83.50558,37.308336,875,SW,0,0,0,0,,,N
Vine Grove Water Department,VINE GROVE WATER DEPARTMENT,-85.98453,37.809683,6703,SW,9,11718.83765,0.117029134,0,,,N
Walton Waterworks Department,WALTON WATERWORKS DEPARTMENT,-84.611225,38.866178,4173,SW,27,90601.56981,0,0,,,N
Warren County Water District,WARREN COUNTY WATER DISTRICT,-86.427498,36.992354,74096,SW,16,882977.1551,38.37650618,6.338786312,,,N
Warsaw Water Works,WARSAW WATER WORKS,-84.899621,38.784985,1988,GW,6,671513.787,1442206.981,0,0,N,N
Water Service Corp Of Kentucky,WATER SERVICE CORP OF KENTUCKY,-83.708012,36.593757,1633,GW,0,0,0,0,,,N
West Carroll Water district -Carrollton,WEST CARROLL WATER DISTRICT - CARROLLTON,-85.17225,38.677573,2617,GW,8,1027191.446,3536823.676,0,,,N
West Carroll Water District-Henry CO#2,WEST CARROLL WATER DISTRICT- HENRY CO #2,-85.17225,38.677573,116,GW,8,1027191.446,3536823.676,0,,,N
West Daviess County Water District,WEST DAVIESS CO WATER DISTRICT,-87.160506,37.748953,13264,GW,14,1670198.731,90279.55006,0,,,N
West Laurel Water Association,WEST LAUREL WATER ASSOC INC,-84.0959616,37.1437189,14425,SW,3,6000.104498,0,0,,,N
West Mccracken County Water,WEST MCCRACKEN CO WATER DISTRICT,-88.750023,37.09891,4410,SW,9,459116.9161,15390.58069,0,17.35,Y,N
West Shelby Water District,WEST SHELBY WATER DISTRICT,-85.3548,38.2312,5777,SW,13,139961.297,85.3274882,0,,,N
Western Lewis-Rectorville Water & Gas District,WESTERN LEWIS RECTORVILLE WATER DISTRICT,-83.6563853,38.5802302,6534,SW,6,1156305.134,8403.828687,710.9007756,0,N,N
Western Mason Water District,WESTERN MASON CO WATER DISTRICT,-83.8758422,38.7519508,2994,GW,5,373693.2919,175019.5207,0,,,N
Western Pulaski County Water District,WESTERN PULASKI CO WATER DISTRICT,-84.619162,37.095363,23264,SW,8,197436.2096,1382.630461,0,,,N
Western Rockcastle Water Association,WESTERN ROCKCASTLE WATER ASSOC,-84.370514,37.328657,12623,SW,0,0,0,0,,,N
Western Shores Pavilion,WESTERN SHORES PAVILION,-88.301316,36.955301,25,GW,15,5230772.844,246712.1537,0,,,N
Wheelwright Utility Comission,WHEELWRIGHT UTILITY COMMISSION,-82.720752,37.335587,1040,GW,0,0,0,0,,,N
White Plains Water System,WHITE PLAINS WATER SYSTEM,-87.383629,37.183512,1871,GW,4,103855.9162,0,0,,,N
Whitesville Water Works,WHITESVILLE WATER WORKS,-86.871563,37.678535,3672,GW,2,8546.238332,0,0,,,N
Whitley County Water District,WHITLEY CO WATER DISTRICT,-84.1394,36.747,9825,SW,1,0,499.2153181,0,,,N
Whitley Co. Water District 92 West,WHITLEY CO. WATER DISTRICT 92 WEST,-84.1394,36.747,321,SW,1,0,499.2153181,0,,,N
Wickliffe Municipal Water System,WICKLIFFE MUNICIPAL WATER SYSTEM,-89.0910322,36.9648839,1264,GW,2,763457.916,0,0,0,N,N
Wingo Water & Sewer Department,WINGO WATER & SEWER DEPARTMENT,-88.874553,36.503624,965,GW,6,16452.94356,72429.4165,0,,,N
Wurtland Water Department,WURTLAND WATER DEPARTMENT,-82.77979,38.550378,1815,SW,8,35630697.22,103012.1545,0,,,N
Wallace Farm,,,,68,GW,0,0,0,0,,,N
